gene_id	gene_symbol	description	scientific_name	common_name	tax_id	genomic_range	orientation	location	gene_type	transcript_accession	transcript_name	transcript_length	transcript_cds_coords	protein_accession	isoform_name	protein_length	protein_name
11156	PTP4A3	protein tyrosine phosphatase 4A3	Homo sapiens	human	9606	NC_000008.11:141392021-141432454;NW_025791786.1:58575-99008;NT_187574.1:58573-104910;NC_060932.1:142513520-142559812	+;+;+;+	chr 8	PROTEIN_CODING	NM_032611.3	transcript variant 1	2849	NM_032611.3:918-1439	NP_116000.1	isoform 1	173	protein tyrosine phosphatase type IVA 3
11156	PTP4A3	protein tyrosine phosphatase 4A3	Homo sapiens	human	9606	NC_000008.11:141392021-141432454;NW_025791786.1:58575-99008;NT_187574.1:58573-104910;NC_060932.1:142513520-142559812	+;+;+;+	chr 8	PROTEIN_CODING	XM_017012998.3	transcript variant X17	2774	XM_017012998.3:918-1364	XP_016868487.1	isoform X3	148	protein tyrosine phosphatase type IVA 3
11156	PTP4A3	protein tyrosine phosphatase 4A3	Homo sapiens	human	9606	NC_000008.11:141392021-141432454;NW_025791786.1:58575-99008;NT_187574.1:58573-104910;NC_060932.1:142513520-142559812	+;+;+;+	chr 8	PROTEIN_CODING	XM_006716500.4	transcript variant X13	2777	XM_006716500.4:918-1367	XP_006716563.1	isoform X2	149	protein tyrosine phosphatase type IVA 3
11156	PTP4A3	protein tyrosine phosphatase 4A3	Homo sapiens	human	9606	NC_000008.11:141392021-141432454;NW_025791786.1:58575-99008;NT_187574.1:58573-104910;NC_060932.1:142513520-142559812	+;+;+;+	chr 8	PROTEIN_CODING	XM_017012999.3	transcript variant X27	2702	XM_017012999.3:918-1292	XP_016868488.1	isoform X4	124	protein tyrosine phosphatase type IVA 3
11156	PTP4A3	protein tyrosine phosphatase 4A3	Homo sapiens	human	9606	NC_000008.11:141392021-141432454;NW_025791786.1:58575-99008;NT_187574.1:58573-104910;NC_060932.1:142513520-142559812	+;+;+;+	chr 8	PROTEIN_CODING	XM_011516805.2	transcript variant X9	2279	XM_011516805.2:348-869	XP_011515107.1	isoform X1	173	protein tyrosine phosphatase type IVA 3
11156	PTP4A3	protein tyrosine phosphatase 4A3	Homo sapiens	human	9606	NC_000008.11:141392021-141432454;NW_025791786.1:58575-99008;NT_187574.1:58573-104910;NC_060932.1:142513520-142559812	+;+;+;+	chr 8	PROTEIN_CODING	XM_011516803.2	transcript variant X2	15767	XM_011516803.2:13836-14357	XP_011515105.1	isoform X1	173	protein tyrosine phosphatase type IVA 3
11156	PTP4A3	protein tyrosine phosphatase 4A3	Homo sapiens	human	9606	NC_000008.11:141392021-141432454;NW_025791786.1:58575-99008;NT_187574.1:58573-104910;NC_060932.1:142513520-142559812	+;+;+;+	chr 8	PROTEIN_CODING	XM_047421300.1	transcript variant X20	15692	XM_047421300.1:13836-14282	XP_047277256.1	isoform X3	148	protein tyrosine phosphatase type IVA 3
11156	PTP4A3	protein tyrosine phosphatase 4A3	Homo sapiens	human	9606	NC_000008.11:141392021-141432454;NW_025791786.1:58575-99008;NT_187574.1:58573-104910;NC_060932.1:142513520-142559812	+;+;+;+	chr 8	PROTEIN_CODING	XM_047421296.1	transcript variant X15	15695	XM_047421296.1:13836-14285	XP_047277252.1	isoform X2	149	protein tyrosine phosphatase type IVA 3
11156	PTP4A3	protein tyrosine phosphatase 4A3	Homo sapiens	human	9606	NC_000008.11:141392021-141432454;NW_025791786.1:58575-99008;NT_187574.1:58573-104910;NC_060932.1:142513520-142559812	+;+;+;+	chr 8	PROTEIN_CODING	XM_047421290.1	transcript variant X6	2981	XM_047421290.1:1050-1571	XP_047277246.1	isoform X1	173	protein tyrosine phosphatase type IVA 3
11156	PTP4A3	protein tyrosine phosphatase 4A3	Homo sapiens	human	9606	NC_000008.11:141392021-141432454;NW_025791786.1:58575-99008;NT_187574.1:58573-104910;NC_060932.1:142513520-142559812	+;+;+;+	chr 8	PROTEIN_CODING	XM_047421305.1	transcript variant X25	2894	XM_047421305.1:1038-1484	XP_047277261.1	isoform X3	148	protein tyrosine phosphatase type IVA 3
11156	PTP4A3	protein tyrosine phosphatase 4A3	Homo sapiens	human	9606	NC_000008.11:141392021-141432454;NW_025791786.1:58575-99008;NT_187574.1:58573-104910;NC_060932.1:142513520-142559812	+;+;+;+	chr 8	PROTEIN_CODING	XM_047421298.1	transcript variant X18	3942	XM_047421298.1:2086-2532	XP_047277254.1	isoform X3	148	protein tyrosine phosphatase type IVA 3
11156	PTP4A3	protein tyrosine phosphatase 4A3	Homo sapiens	human	9606	NC_000008.11:141392021-141432454;NW_025791786.1:58575-99008;NT_187574.1:58573-104910;NC_060932.1:142513520-142559812	+;+;+;+	chr 8	PROTEIN_CODING	XM_047421288.1	transcript variant X3	3296	XM_047421288.1:1365-1886	XP_047277244.1	isoform X1	173	protein tyrosine phosphatase type IVA 3
11156	PTP4A3	protein tyrosine phosphatase 4A3	Homo sapiens	human	9606	NC_000008.11:141392021-141432454;NW_025791786.1:58575-99008;NT_187574.1:58573-104910;NC_060932.1:142513520-142559812	+;+;+;+	chr 8	PROTEIN_CODING	XM_047421301.1	transcript variant X21	3221	XM_047421301.1:1365-1811	XP_047277257.1	isoform X3	148	protein tyrosine phosphatase type IVA 3
11156	PTP4A3	protein tyrosine phosphatase 4A3	Homo sapiens	human	9606	NC_000008.11:141392021-141432454;NW_025791786.1:58575-99008;NT_187574.1:58573-104910;NC_060932.1:142513520-142559812	+;+;+;+	chr 8	PROTEIN_CODING	XM_047421297.1	transcript variant X16	3224	XM_047421297.1:1365-1814	XP_047277253.1	isoform X2	149	protein tyrosine phosphatase type IVA 3
11156	PTP4A3	protein tyrosine phosphatase 4A3	Homo sapiens	human	9606	NC_000008.11:141392021-141432454;NW_025791786.1:58575-99008;NT_187574.1:58573-104910;NC_060932.1:142513520-142559812	+;+;+;+	chr 8	PROTEIN_CODING	XM_047421291.1	transcript variant X7	3199	XM_047421291.1:1268-1789	XP_047277247.1	isoform X1	173	protein tyrosine phosphatase type IVA 3
11156	PTP4A3	protein tyrosine phosphatase 4A3	Homo sapiens	human	9606	NC_000008.11:141392021-141432454;NW_025791786.1:58575-99008;NT_187574.1:58573-104910;NC_060932.1:142513520-142559812	+;+;+;+	chr 8	PROTEIN_CODING	XM_047421304.1	transcript variant X24	3124	XM_047421304.1:1268-1714	XP_047277260.1	isoform X3	148	protein tyrosine phosphatase type IVA 3
11156	PTP4A3	protein tyrosine phosphatase 4A3	Homo sapiens	human	9606	NC_000008.11:141392021-141432454;NW_025791786.1:58575-99008;NT_187574.1:58573-104910;NC_060932.1:142513520-142559812	+;+;+;+	chr 8	PROTEIN_CODING	XM_005250764.3	transcript variant X5	3159	XM_005250764.3:1228-1749	XP_005250821.1	isoform X1	173	protein tyrosine phosphatase type IVA 3
11156	PTP4A3	protein tyrosine phosphatase 4A3	Homo sapiens	human	9606	NC_000008.11:141392021-141432454;NW_025791786.1:58575-99008;NT_187574.1:58573-104910;NC_060932.1:142513520-142559812	+;+;+;+	chr 8	PROTEIN_CODING	XM_047421303.1	transcript variant X23	3084	XM_047421303.1:1228-1674	XP_047277259.1	isoform X3	148	protein tyrosine phosphatase type IVA 3
11156	PTP4A3	protein tyrosine phosphatase 4A3	Homo sapiens	human	9606	NC_000008.11:141392021-141432454;NW_025791786.1:58575-99008;NT_187574.1:58573-104910;NC_060932.1:142513520-142559812	+;+;+;+	chr 8	PROTEIN_CODING	XM_047421292.1	transcript variant X10	5907	XM_047421292.1:3976-4497	XP_047277248.1	isoform X1	173	protein tyrosine phosphatase type IVA 3
11156	PTP4A3	protein tyrosine phosphatase 4A3	Homo sapiens	human	9606	NC_000008.11:141392021-141432454;NW_025791786.1:58575-99008;NT_187574.1:58573-104910;NC_060932.1:142513520-142559812	+;+;+;+	chr 8	PROTEIN_CODING	XM_047421294.1	transcript variant X12	2973	XM_047421294.1:1042-1563	XP_047277250.1	isoform X1	173	protein tyrosine phosphatase type IVA 3
11156	PTP4A3	protein tyrosine phosphatase 4A3	Homo sapiens	human	9606	NC_000008.11:141392021-141432454;NW_025791786.1:58575-99008;NT_187574.1:58573-104910;NC_060932.1:142513520-142559812	+;+;+;+	chr 8	PROTEIN_CODING	XM_047421289.1	transcript variant X4	2908	XM_047421289.1:977-1498	XP_047277245.1	isoform X1	173	protein tyrosine phosphatase type IVA 3
11156	PTP4A3	protein tyrosine phosphatase 4A3	Homo sapiens	human	9606	NC_000008.11:141392021-141432454;NW_025791786.1:58575-99008;NT_187574.1:58573-104910;NC_060932.1:142513520-142559812	+;+;+;+	chr 8	PROTEIN_CODING	XM_047421302.1	transcript variant X22	2833	XM_047421302.1:977-1423	XP_047277258.1	isoform X3	148	protein tyrosine phosphatase type IVA 3
11156	PTP4A3	protein tyrosine phosphatase 4A3	Homo sapiens	human	9606	NC_000008.11:141392021-141432454;NW_025791786.1:58575-99008;NT_187574.1:58573-104910;NC_060932.1:142513520-142559812	+;+;+;+	chr 8	PROTEIN_CODING	XM_047421287.1	transcript variant X1	5503	XM_047421287.1:3572-4093	XP_047277243.1	isoform X1	173	protein tyrosine phosphatase type IVA 3
11156	PTP4A3	protein tyrosine phosphatase 4A3	Homo sapiens	human	9606	NC_000008.11:141392021-141432454;NW_025791786.1:58575-99008;NT_187574.1:58573-104910;NC_060932.1:142513520-142559812	+;+;+;+	chr 8	PROTEIN_CODING	XM_047421293.1	transcript variant X11	2960	XM_047421293.1:1029-1550	XP_047277249.1	isoform X1	173	protein tyrosine phosphatase type IVA 3
11156	PTP4A3	protein tyrosine phosphatase 4A3	Homo sapiens	human	9606	NC_000008.11:141392021-141432454;NW_025791786.1:58575-99008;NT_187574.1:58573-104910;NC_060932.1:142513520-142559812	+;+;+;+	chr 8	PROTEIN_CODING	XM_024447057.2	transcript variant X8	2895	XM_024447057.2:964-1485	XP_024302825.1	isoform X1	173	protein tyrosine phosphatase type IVA 3
11156	PTP4A3	protein tyrosine phosphatase 4A3	Homo sapiens	human	9606	NC_000008.11:141392021-141432454;NW_025791786.1:58575-99008;NT_187574.1:58573-104910;NC_060932.1:142513520-142559812	+;+;+;+	chr 8	PROTEIN_CODING	XM_047421299.1	transcript variant X19	2820	XM_047421299.1:964-1410	XP_047277255.1	isoform X3	148	protein tyrosine phosphatase type IVA 3
11156	PTP4A3	protein tyrosine phosphatase 4A3	Homo sapiens	human	9606	NC_000008.11:141392021-141432454;NW_025791786.1:58575-99008;NT_187574.1:58573-104910;NC_060932.1:142513520-142559812	+;+;+;+	chr 8	PROTEIN_CODING	XM_047421295.1	transcript variant X14	2823	XM_047421295.1:964-1413	XP_047277251.1	isoform X2	149	protein tyrosine phosphatase type IVA 3
11156	PTP4A3	protein tyrosine phosphatase 4A3	Homo sapiens	human	9606	NC_000008.11:141392021-141432454;NW_025791786.1:58575-99008;NT_187574.1:58573-104910;NC_060932.1:142513520-142559812	+;+;+;+	chr 8	PROTEIN_CODING	XM_047421306.1	transcript variant X26	2748	XM_047421306.1:964-1338	XP_047277262.1	isoform X4	124	protein tyrosine phosphatase type IVA 3
11156	PTP4A3	protein tyrosine phosphatase 4A3	Homo sapiens	human	9606	NC_000008.11:141392021-141432454;NW_025791786.1:58575-99008;NT_187574.1:58573-104910;NC_060932.1:142513520-142559812	+;+;+;+	chr 8	PROTEIN_CODING	NM_007079.3	transcript variant 2	2710	NM_007079.3:854-1300	NP_009010.2	isoform 2	148	protein tyrosine phosphatase type IVA 3
11156	PTP4A3	protein tyrosine phosphatase 4A3	Homo sapiens	human	9606	NC_000008.11:141392021-141432454;NW_025791786.1:58575-99008;NT_187574.1:58573-104910;NC_060932.1:142513520-142559812	+;+;+;+	chr 8	PROTEIN_CODING	XM_054333070.1	transcript variant X17	2774	XM_054333070.1:918-1364	XP_054189045.1	isoform X3	148	protein tyrosine phosphatase type IVA 3
11156	PTP4A3	protein tyrosine phosphatase 4A3	Homo sapiens	human	9606	NC_000008.11:141392021-141432454;NW_025791786.1:58575-99008;NT_187574.1:58573-104910;NC_060932.1:142513520-142559812	+;+;+;+	chr 8	PROTEIN_CODING	XM_054333065.1	transcript variant X13	2777	XM_054333065.1:918-1367	XP_054189040.1	isoform X2	149	protein tyrosine phosphatase type IVA 3
11156	PTP4A3	protein tyrosine phosphatase 4A3	Homo sapiens	human	9606	NC_000008.11:141392021-141432454;NW_025791786.1:58575-99008;NT_187574.1:58573-104910;NC_060932.1:142513520-142559812	+;+;+;+	chr 8	PROTEIN_CODING	XM_054333080.1	transcript variant X27	2702	XM_054333080.1:918-1292	XP_054189055.1	isoform X4	124	protein tyrosine phosphatase type IVA 3
11156	PTP4A3	protein tyrosine phosphatase 4A3	Homo sapiens	human	9606	NC_000008.11:141392021-141432454;NW_025791786.1:58575-99008;NT_187574.1:58573-104910;NC_060932.1:142513520-142559812	+;+;+;+	chr 8	PROTEIN_CODING	XM_054333061.1	transcript variant X9	2279	XM_054333061.1:348-869	XP_054189036.1	isoform X1	173	protein tyrosine phosphatase type IVA 3
11156	PTP4A3	protein tyrosine phosphatase 4A3	Homo sapiens	human	9606	NC_000008.11:141392021-141432454;NW_025791786.1:58575-99008;NT_187574.1:58573-104910;NC_060932.1:142513520-142559812	+;+;+;+	chr 8	PROTEIN_CODING	XM_054333055.1	transcript variant X29	3096	XM_054333055.1:1165-1686	XP_054189030.1	isoform X1	173	protein tyrosine phosphatase type IVA 3
11156	PTP4A3	protein tyrosine phosphatase 4A3	Homo sapiens	human	9606	NC_000008.11:141392021-141432454;NW_025791786.1:58575-99008;NT_187574.1:58573-104910;NC_060932.1:142513520-142559812	+;+;+;+	chr 8	PROTEIN_CODING	XM_054333072.1	transcript variant X33	2983	XM_054333072.1:1127-1573	XP_054189047.1	isoform X3	148	protein tyrosine phosphatase type IVA 3
11156	PTP4A3	protein tyrosine phosphatase 4A3	Homo sapiens	human	9606	NC_000008.11:141392021-141432454;NW_025791786.1:58575-99008;NT_187574.1:58573-104910;NC_060932.1:142513520-142559812	+;+;+;+	chr 8	PROTEIN_CODING	XM_054333066.1	transcript variant X31	2976	XM_054333066.1:1117-1566	XP_054189041.1	isoform X2	149	protein tyrosine phosphatase type IVA 3
11156	PTP4A3	protein tyrosine phosphatase 4A3	Homo sapiens	human	9606	NC_000008.11:141392021-141432454;NW_025791786.1:58575-99008;NT_187574.1:58573-104910;NC_060932.1:142513520-142559812	+;+;+;+	chr 8	PROTEIN_CODING	XM_054333058.1	transcript variant X6	2981	XM_054333058.1:1050-1571	XP_054189033.1	isoform X1	173	protein tyrosine phosphatase type IVA 3
11156	PTP4A3	protein tyrosine phosphatase 4A3	Homo sapiens	human	9606	NC_000008.11:141392021-141432454;NW_025791786.1:58575-99008;NT_187574.1:58573-104910;NC_060932.1:142513520-142559812	+;+;+;+	chr 8	PROTEIN_CODING	XM_054333076.1	transcript variant X25	2894	XM_054333076.1:1038-1484	XP_054189051.1	isoform X3	148	protein tyrosine phosphatase type IVA 3
11156	PTP4A3	protein tyrosine phosphatase 4A3	Homo sapiens	human	9606	NC_000008.11:141392021-141432454;NW_025791786.1:58575-99008;NT_187574.1:58573-104910;NC_060932.1:142513520-142559812	+;+;+;+	chr 8	PROTEIN_CODING	XM_054333056.1	transcript variant X3	3410	XM_054333056.1:1479-2000	XP_054189031.1	isoform X1	173	protein tyrosine phosphatase type IVA 3
11156	PTP4A3	protein tyrosine phosphatase 4A3	Homo sapiens	human	9606	NC_000008.11:141392021-141432454;NW_025791786.1:58575-99008;NT_187574.1:58573-104910;NC_060932.1:142513520-142559812	+;+;+;+	chr 8	PROTEIN_CODING	XM_054333060.1	transcript variant X7	3242	XM_054333060.1:1311-1832	XP_054189035.1	isoform X1	173	protein tyrosine phosphatase type IVA 3
11156	PTP4A3	protein tyrosine phosphatase 4A3	Homo sapiens	human	9606	NC_000008.11:141392021-141432454;NW_025791786.1:58575-99008;NT_187574.1:58573-104910;NC_060932.1:142513520-142559812	+;+;+;+	chr 8	PROTEIN_CODING	XM_054333057.1	transcript variant X5	3171	XM_054333057.1:1240-1761	XP_054189032.1	isoform X1	173	protein tyrosine phosphatase type IVA 3
11156	PTP4A3	protein tyrosine phosphatase 4A3	Homo sapiens	human	9606	NC_000008.11:141392021-141432454;NW_025791786.1:58575-99008;NT_187574.1:58573-104910;NC_060932.1:142513520-142559812	+;+;+;+	chr 8	PROTEIN_CODING	XM_054333074.1	transcript variant X23	3096	XM_054333074.1:1240-1686	XP_054189049.1	isoform X3	148	protein tyrosine phosphatase type IVA 3
11156	PTP4A3	protein tyrosine phosphatase 4A3	Homo sapiens	human	9606	NC_000008.11:141392021-141432454;NW_025791786.1:58575-99008;NT_187574.1:58573-104910;NC_060932.1:142513520-142559812	+;+;+;+	chr 8	PROTEIN_CODING	XM_054333054.1	transcript variant X28	4023	XM_054333054.1:2092-2613	XP_054189029.1	isoform X1	173	protein tyrosine phosphatase type IVA 3
11156	PTP4A3	protein tyrosine phosphatase 4A3	Homo sapiens	human	9606	NC_000008.11:141392021-141432454;NW_025791786.1:58575-99008;NT_187574.1:58573-104910;NC_060932.1:142513520-142559812	+;+;+;+	chr 8	PROTEIN_CODING	XM_054333071.1	transcript variant X18	3937	XM_054333071.1:2081-2527	XP_054189046.1	isoform X3	148	protein tyrosine phosphatase type IVA 3
11156	PTP4A3	protein tyrosine phosphatase 4A3	Homo sapiens	human	9606	NC_000008.11:141392021-141432454;NW_025791786.1:58575-99008;NT_187574.1:58573-104910;NC_060932.1:142513520-142559812	+;+;+;+	chr 8	PROTEIN_CODING	XM_054333073.1	transcript variant X21	3216	XM_054333073.1:1360-1806	XP_054189048.1	isoform X3	148	protein tyrosine phosphatase type IVA 3
11156	PTP4A3	protein tyrosine phosphatase 4A3	Homo sapiens	human	9606	NC_000008.11:141392021-141432454;NW_025791786.1:58575-99008;NT_187574.1:58573-104910;NC_060932.1:142513520-142559812	+;+;+;+	chr 8	PROTEIN_CODING	XM_054333068.1	transcript variant X16	3216	XM_054333068.1:1357-1806	XP_054189043.1	isoform X2	149	protein tyrosine phosphatase type IVA 3
11156	PTP4A3	protein tyrosine phosphatase 4A3	Homo sapiens	human	9606	NC_000008.11:141392021-141432454;NW_025791786.1:58575-99008;NT_187574.1:58573-104910;NC_060932.1:142513520-142559812	+;+;+;+	chr 8	PROTEIN_CODING	XM_054333075.1	transcript variant X24	2942	XM_054333075.1:1086-1532	XP_054189050.1	isoform X3	148	protein tyrosine phosphatase type IVA 3
11156	PTP4A3	protein tyrosine phosphatase 4A3	Homo sapiens	human	9606	NC_000008.11:141392021-141432454;NW_025791786.1:58575-99008;NT_187574.1:58573-104910;NC_060932.1:142513520-142559812	+;+;+;+	chr 8	PROTEIN_CODING	XM_054333067.1	transcript variant X32	3381	XM_054333067.1:1522-1971	XP_054189042.1	isoform X2	149	protein tyrosine phosphatase type IVA 3
11156	PTP4A3	protein tyrosine phosphatase 4A3	Homo sapiens	human	9606	NC_000008.11:141392021-141432454;NW_025791786.1:58575-99008;NT_187574.1:58573-104910;NC_060932.1:142513520-142559812	+;+;+;+	chr 8	PROTEIN_CODING	XM_054333062.1	transcript variant X8	2973	XM_054333062.1:1042-1563	XP_054189037.1	isoform X1	173	protein tyrosine phosphatase type IVA 3
11156	PTP4A3	protein tyrosine phosphatase 4A3	Homo sapiens	human	9606	NC_000008.11:141392021-141432454;NW_025791786.1:58575-99008;NT_187574.1:58573-104910;NC_060932.1:142513520-142559812	+;+;+;+	chr 8	PROTEIN_CODING	XM_054333064.1	transcript variant X4	2917	XM_054333064.1:986-1507	XP_054189039.1	isoform X1	173	protein tyrosine phosphatase type IVA 3
11156	PTP4A3	protein tyrosine phosphatase 4A3	Homo sapiens	human	9606	NC_000008.11:141392021-141432454;NW_025791786.1:58575-99008;NT_187574.1:58573-104910;NC_060932.1:142513520-142559812	+;+;+;+	chr 8	PROTEIN_CODING	XM_054333078.1	transcript variant X22	2833	XM_054333078.1:977-1423	XP_054189053.1	isoform X3	148	protein tyrosine phosphatase type IVA 3
11156	PTP4A3	protein tyrosine phosphatase 4A3	Homo sapiens	human	9606	NC_000008.11:141392021-141432454;NW_025791786.1:58575-99008;NT_187574.1:58573-104910;NC_060932.1:142513520-142559812	+;+;+;+	chr 8	PROTEIN_CODING	XM_054333077.1	transcript variant X19	2820	XM_054333077.1:964-1410	XP_054189052.1	isoform X3	148	protein tyrosine phosphatase type IVA 3
11156	PTP4A3	protein tyrosine phosphatase 4A3	Homo sapiens	human	9606	NC_000008.11:141392021-141432454;NW_025791786.1:58575-99008;NT_187574.1:58573-104910;NC_060932.1:142513520-142559812	+;+;+;+	chr 8	PROTEIN_CODING	XM_054333069.1	transcript variant X14	2823	XM_054333069.1:964-1413	XP_054189044.1	isoform X2	149	protein tyrosine phosphatase type IVA 3
11156	PTP4A3	protein tyrosine phosphatase 4A3	Homo sapiens	human	9606	NC_000008.11:141392021-141432454;NW_025791786.1:58575-99008;NT_187574.1:58573-104910;NC_060932.1:142513520-142559812	+;+;+;+	chr 8	PROTEIN_CODING	XM_054333081.1	transcript variant X26	2748	XM_054333081.1:964-1338	XP_054189056.1	isoform X4	124	protein tyrosine phosphatase type IVA 3
11156	PTP4A3	protein tyrosine phosphatase 4A3	Homo sapiens	human	9606	NC_000008.11:141392021-141432454;NW_025791786.1:58575-99008;NT_187574.1:58573-104910;NC_060932.1:142513520-142559812	+;+;+;+	chr 8	PROTEIN_CODING	XM_054333063.1	transcript variant X1	5502	XM_054333063.1:3571-4092	XP_054189038.1	isoform X1	173	protein tyrosine phosphatase type IVA 3
11156	PTP4A3	protein tyrosine phosphatase 4A3	Homo sapiens	human	9606	NC_000008.11:141392021-141432454;NW_025791786.1:58575-99008;NT_187574.1:58573-104910;NC_060932.1:142513520-142559812	+;+;+;+	chr 8	PROTEIN_CODING	XM_054333059.1	transcript variant X30	2845	XM_054333059.1:914-1435	XP_054189034.1	isoform X1	173	protein tyrosine phosphatase type IVA 3
11156	PTP4A3	protein tyrosine phosphatase 4A3	Homo sapiens	human	9606	NC_000008.11:141392021-141432454;NW_025791786.1:58575-99008;NT_187574.1:58573-104910;NC_060932.1:142513520-142559812	+;+;+;+	chr 8	PROTEIN_CODING	XM_054333079.1	transcript variant X34	3003	XM_054333079.1:1219-1593	XP_054189054.1	isoform X4	124	protein tyrosine phosphatase type IVA 3
11156	PTP4A3	protein tyrosine phosphatase 4A3	Homo sapiens	human	9606	NC_000008.11:141392021-141432454;NW_025791786.1:58575-99008;NT_187574.1:58573-104910;NC_060932.1:142513520-142559812	+;+;+;+	chr 8	PROTEIN_CODING	XM_054328810.1	transcript variant X17	2774	XM_054328810.1:918-1364	XP_054184785.1	isoform X3	148	protein tyrosine phosphatase type IVA 3
11156	PTP4A3	protein tyrosine phosphatase 4A3	Homo sapiens	human	9606	NC_000008.11:141392021-141432454;NW_025791786.1:58575-99008;NT_187574.1:58573-104910;NC_060932.1:142513520-142559812	+;+;+;+	chr 8	PROTEIN_CODING	XM_054328802.1	transcript variant X13	2777	XM_054328802.1:918-1367	XP_054184777.1	isoform X2	149	protein tyrosine phosphatase type IVA 3
11156	PTP4A3	protein tyrosine phosphatase 4A3	Homo sapiens	human	9606	NC_000008.11:141392021-141432454;NW_025791786.1:58575-99008;NT_187574.1:58573-104910;NC_060932.1:142513520-142559812	+;+;+;+	chr 8	PROTEIN_CODING	XM_054328819.1	transcript variant X27	2702	XM_054328819.1:918-1292	XP_054184794.1	isoform X4	124	protein tyrosine phosphatase type IVA 3
11156	PTP4A3	protein tyrosine phosphatase 4A3	Homo sapiens	human	9606	NC_000008.11:141392021-141432454;NW_025791786.1:58575-99008;NT_187574.1:58573-104910;NC_060932.1:142513520-142559812	+;+;+;+	chr 8	PROTEIN_CODING	XM_054328798.1	transcript variant X9	2279	XM_054328798.1:348-869	XP_054184773.1	isoform X1	173	protein tyrosine phosphatase type IVA 3
11156	PTP4A3	protein tyrosine phosphatase 4A3	Homo sapiens	human	9606	NC_000008.11:141392021-141432454;NW_025791786.1:58575-99008;NT_187574.1:58573-104910;NC_060932.1:142513520-142559812	+;+;+;+	chr 8	PROTEIN_CODING	XM_054328792.1	transcript variant X36	3096	XM_054328792.1:1165-1686	XP_054184767.1	isoform X1	173	protein tyrosine phosphatase type IVA 3
11156	PTP4A3	protein tyrosine phosphatase 4A3	Homo sapiens	human	9606	NC_000008.11:141392021-141432454;NW_025791786.1:58575-99008;NT_187574.1:58573-104910;NC_060932.1:142513520-142559812	+;+;+;+	chr 8	PROTEIN_CODING	XM_054328814.1	transcript variant X47	2983	XM_054328814.1:1127-1573	XP_054184789.1	isoform X3	148	protein tyrosine phosphatase type IVA 3
11156	PTP4A3	protein tyrosine phosphatase 4A3	Homo sapiens	human	9606	NC_000008.11:141392021-141432454;NW_025791786.1:58575-99008;NT_187574.1:58573-104910;NC_060932.1:142513520-142559812	+;+;+;+	chr 8	PROTEIN_CODING	XM_054328807.1	transcript variant X45	2976	XM_054328807.1:1117-1566	XP_054184782.1	isoform X2	149	protein tyrosine phosphatase type IVA 3
11156	PTP4A3	protein tyrosine phosphatase 4A3	Homo sapiens	human	9606	NC_000008.11:141392021-141432454;NW_025791786.1:58575-99008;NT_187574.1:58573-104910;NC_060932.1:142513520-142559812	+;+;+;+	chr 8	PROTEIN_CODING	XM_054328817.1	transcript variant X25	3174	XM_054328817.1:1318-1764	XP_054184792.1	isoform X3	148	protein tyrosine phosphatase type IVA 3
11156	PTP4A3	protein tyrosine phosphatase 4A3	Homo sapiens	human	9606	NC_000008.11:141392021-141432454;NW_025791786.1:58575-99008;NT_187574.1:58573-104910;NC_060932.1:142513520-142559812	+;+;+;+	chr 8	PROTEIN_CODING	XM_054328793.1	transcript variant X6	3211	XM_054328793.1:1280-1801	XP_054184768.1	isoform X1	173	protein tyrosine phosphatase type IVA 3
11156	PTP4A3	protein tyrosine phosphatase 4A3	Homo sapiens	human	9606	NC_000008.11:141392021-141432454;NW_025791786.1:58575-99008;NT_187574.1:58573-104910;NC_060932.1:142513520-142559812	+;+;+;+	chr 8	PROTEIN_CODING	XM_054328799.1	transcript variant X40	2878	XM_054328799.1:947-1468	XP_054184774.1	isoform X1	173	protein tyrosine phosphatase type IVA 3
11156	PTP4A3	protein tyrosine phosphatase 4A3	Homo sapiens	human	9606	NC_000008.11:141392021-141432454;NW_025791786.1:58575-99008;NT_187574.1:58573-104910;NC_060932.1:142513520-142559812	+;+;+;+	chr 8	PROTEIN_CODING	XM_054328820.1	transcript variant X48	2714	XM_054328820.1:930-1304	XP_054184795.1	isoform X4	124	protein tyrosine phosphatase type IVA 3
11156	PTP4A3	protein tyrosine phosphatase 4A3	Homo sapiens	human	9606	NC_000008.11:141392021-141432454;NW_025791786.1:58575-99008;NT_187574.1:58573-104910;NC_060932.1:142513520-142559812	+;+;+;+	chr 8	PROTEIN_CODING	XM_054328809.1	transcript variant X46	2773	XM_054328809.1:917-1363	XP_054184784.1	isoform X3	148	protein tyrosine phosphatase type IVA 3
11156	PTP4A3	protein tyrosine phosphatase 4A3	Homo sapiens	human	9606	NC_000008.11:141392021-141432454;NW_025791786.1:58575-99008;NT_187574.1:58573-104910;NC_060932.1:142513520-142559812	+;+;+;+	chr 8	PROTEIN_CODING	XM_054328803.1	transcript variant X42	2776	XM_054328803.1:917-1366	XP_054184778.1	isoform X2	149	protein tyrosine phosphatase type IVA 3
11156	PTP4A3	protein tyrosine phosphatase 4A3	Homo sapiens	human	9606	NC_000008.11:141392021-141432454;NW_025791786.1:58575-99008;NT_187574.1:58573-104910;NC_060932.1:142513520-142559812	+;+;+;+	chr 8	PROTEIN_CODING	XM_054328794.1	transcript variant X37	3452	XM_054328794.1:1521-2042	XP_054184769.1	isoform X1	173	protein tyrosine phosphatase type IVA 3
11156	PTP4A3	protein tyrosine phosphatase 4A3	Homo sapiens	human	9606	NC_000008.11:141392021-141432454;NW_025791786.1:58575-99008;NT_187574.1:58573-104910;NC_060932.1:142513520-142559812	+;+;+;+	chr 8	PROTEIN_CODING	XM_054328789.1	transcript variant X3	3410	XM_054328789.1:1479-2000	XP_054184764.1	isoform X1	173	protein tyrosine phosphatase type IVA 3
11156	PTP4A3	protein tyrosine phosphatase 4A3	Homo sapiens	human	9606	NC_000008.11:141392021-141432454;NW_025791786.1:58575-99008;NT_187574.1:58573-104910;NC_060932.1:142513520-142559812	+;+;+;+	chr 8	PROTEIN_CODING	XM_054328795.1	transcript variant X7	3242	XM_054328795.1:1311-1832	XP_054184770.1	isoform X1	173	protein tyrosine phosphatase type IVA 3
11156	PTP4A3	protein tyrosine phosphatase 4A3	Homo sapiens	human	9606	NC_000008.11:141392021-141432454;NW_025791786.1:58575-99008;NT_187574.1:58573-104910;NC_060932.1:142513520-142559812	+;+;+;+	chr 8	PROTEIN_CODING	XM_054328791.1	transcript variant X5	3171	XM_054328791.1:1240-1761	XP_054184766.1	isoform X1	173	protein tyrosine phosphatase type IVA 3
11156	PTP4A3	protein tyrosine phosphatase 4A3	Homo sapiens	human	9606	NC_000008.11:141392021-141432454;NW_025791786.1:58575-99008;NT_187574.1:58573-104910;NC_060932.1:142513520-142559812	+;+;+;+	chr 8	PROTEIN_CODING	XM_054328815.1	transcript variant X23	3096	XM_054328815.1:1240-1686	XP_054184790.1	isoform X3	148	protein tyrosine phosphatase type IVA 3
11156	PTP4A3	protein tyrosine phosphatase 4A3	Homo sapiens	human	9606	NC_000008.11:141392021-141432454;NW_025791786.1:58575-99008;NT_187574.1:58573-104910;NC_060932.1:142513520-142559812	+;+;+;+	chr 8	PROTEIN_CODING	XM_054328788.1	transcript variant X35	4023	XM_054328788.1:2092-2613	XP_054184763.1	isoform X1	173	protein tyrosine phosphatase type IVA 3
11156	PTP4A3	protein tyrosine phosphatase 4A3	Homo sapiens	human	9606	NC_000008.11:141392021-141432454;NW_025791786.1:58575-99008;NT_187574.1:58573-104910;NC_060932.1:142513520-142559812	+;+;+;+	chr 8	PROTEIN_CODING	XM_054328811.1	transcript variant X18	3937	XM_054328811.1:2081-2527	XP_054184786.1	isoform X3	148	protein tyrosine phosphatase type IVA 3
11156	PTP4A3	protein tyrosine phosphatase 4A3	Homo sapiens	human	9606	NC_000008.11:141392021-141432454;NW_025791786.1:58575-99008;NT_187574.1:58573-104910;NC_060932.1:142513520-142559812	+;+;+;+	chr 8	PROTEIN_CODING	XM_054328813.1	transcript variant X21	3216	XM_054328813.1:1360-1806	XP_054184788.1	isoform X3	148	protein tyrosine phosphatase type IVA 3
11156	PTP4A3	protein tyrosine phosphatase 4A3	Homo sapiens	human	9606	NC_000008.11:141392021-141432454;NW_025791786.1:58575-99008;NT_187574.1:58573-104910;NC_060932.1:142513520-142559812	+;+;+;+	chr 8	PROTEIN_CODING	XM_054328805.1	transcript variant X16	3216	XM_054328805.1:1357-1806	XP_054184780.1	isoform X2	149	protein tyrosine phosphatase type IVA 3
11156	PTP4A3	protein tyrosine phosphatase 4A3	Homo sapiens	human	9606	NC_000008.11:141392021-141432454;NW_025791786.1:58575-99008;NT_187574.1:58573-104910;NC_060932.1:142513520-142559812	+;+;+;+	chr 8	PROTEIN_CODING	XM_054328816.1	transcript variant X24	2941	XM_054328816.1:1085-1531	XP_054184791.1	isoform X3	148	protein tyrosine phosphatase type IVA 3
11156	PTP4A3	protein tyrosine phosphatase 4A3	Homo sapiens	human	9606	NC_000008.11:141392021-141432454;NW_025791786.1:58575-99008;NT_187574.1:58573-104910;NC_060932.1:142513520-142559812	+;+;+;+	chr 8	PROTEIN_CODING	XM_054328804.1	transcript variant X43	3381	XM_054328804.1:1522-1971	XP_054184779.1	isoform X2	149	protein tyrosine phosphatase type IVA 3
11156	PTP4A3	protein tyrosine phosphatase 4A3	Homo sapiens	human	9606	NC_000008.11:141392021-141432454;NW_025791786.1:58575-99008;NT_187574.1:58573-104910;NC_060932.1:142513520-142559812	+;+;+;+	chr 8	PROTEIN_CODING	XM_054328808.1	transcript variant X19	2848	XM_054328808.1:992-1438	XP_054184783.1	isoform X3	148	protein tyrosine phosphatase type IVA 3
11156	PTP4A3	protein tyrosine phosphatase 4A3	Homo sapiens	human	9606	NC_000008.11:141392021-141432454;NW_025791786.1:58575-99008;NT_187574.1:58573-104910;NC_060932.1:142513520-142559812	+;+;+;+	chr 8	PROTEIN_CODING	XM_054328801.1	transcript variant X14	2851	XM_054328801.1:992-1441	XP_054184776.1	isoform X2	149	protein tyrosine phosphatase type IVA 3
11156	PTP4A3	protein tyrosine phosphatase 4A3	Homo sapiens	human	9606	NC_000008.11:141392021-141432454;NW_025791786.1:58575-99008;NT_187574.1:58573-104910;NC_060932.1:142513520-142559812	+;+;+;+	chr 8	PROTEIN_CODING	XM_054328818.1	transcript variant X26	2776	XM_054328818.1:992-1366	XP_054184793.1	isoform X4	124	protein tyrosine phosphatase type IVA 3
11156	PTP4A3	protein tyrosine phosphatase 4A3	Homo sapiens	human	9606	NC_000008.11:141392021-141432454;NW_025791786.1:58575-99008;NT_187574.1:58573-104910;NC_060932.1:142513520-142559812	+;+;+;+	chr 8	PROTEIN_CODING	XM_054328796.1	transcript variant X38	2353	XM_054328796.1:422-943	XP_054184771.1	isoform X1	173	protein tyrosine phosphatase type IVA 3
11156	PTP4A3	protein tyrosine phosphatase 4A3	Homo sapiens	human	9606	NC_000008.11:141392021-141432454;NW_025791786.1:58575-99008;NT_187574.1:58573-104910;NC_060932.1:142513520-142559812	+;+;+;+	chr 8	PROTEIN_CODING	XM_054328812.1	transcript variant X22	2854	XM_054328812.1:998-1444	XP_054184787.1	isoform X3	148	protein tyrosine phosphatase type IVA 3
11156	PTP4A3	protein tyrosine phosphatase 4A3	Homo sapiens	human	9606	NC_000008.11:141392021-141432454;NW_025791786.1:58575-99008;NT_187574.1:58573-104910;NC_060932.1:142513520-142559812	+;+;+;+	chr 8	PROTEIN_CODING	XM_054328787.1	transcript variant X4	2915	XM_054328787.1:984-1505	XP_054184762.1	isoform X1	173	protein tyrosine phosphatase type IVA 3
11156	PTP4A3	protein tyrosine phosphatase 4A3	Homo sapiens	human	9606	NC_000008.11:141392021-141432454;NW_025791786.1:58575-99008;NT_187574.1:58573-104910;NC_060932.1:142513520-142559812	+;+;+;+	chr 8	PROTEIN_CODING	XM_054328806.1	transcript variant X44	2837	XM_054328806.1:978-1427	XP_054184781.1	isoform X2	149	protein tyrosine phosphatase type IVA 3
11156	PTP4A3	protein tyrosine phosphatase 4A3	Homo sapiens	human	9606	NC_000008.11:141392021-141432454;NW_025791786.1:58575-99008;NT_187574.1:58573-104910;NC_060932.1:142513520-142559812	+;+;+;+	chr 8	PROTEIN_CODING	XM_054328790.1	transcript variant X1	5498	XM_054328790.1:3567-4088	XP_054184765.1	isoform X1	173	protein tyrosine phosphatase type IVA 3
11156	PTP4A3	protein tyrosine phosphatase 4A3	Homo sapiens	human	9606	NC_000008.11:141392021-141432454;NW_025791786.1:58575-99008;NT_187574.1:58573-104910;NC_060932.1:142513520-142559812	+;+;+;+	chr 8	PROTEIN_CODING	XM_054328786.1	transcript variant X11	2955	XM_054328786.1:1024-1545	XP_054184761.1	isoform X1	173	protein tyrosine phosphatase type IVA 3
11156	PTP4A3	protein tyrosine phosphatase 4A3	Homo sapiens	human	9606	NC_000008.11:141392021-141432454;NW_025791786.1:58575-99008;NT_187574.1:58573-104910;NC_060932.1:142513520-142559812	+;+;+;+	chr 8	PROTEIN_CODING	XM_054328797.1	transcript variant X39	2097	XM_054328797.1:166-687	XP_054184772.1	isoform X1	173	protein tyrosine phosphatase type IVA 3
11156	PTP4A3	protein tyrosine phosphatase 4A3	Homo sapiens	human	9606	NC_000008.11:141392021-141432454;NW_025791786.1:58575-99008;NT_187574.1:58573-104910;NC_060932.1:142513520-142559812	+;+;+;+	chr 8	PROTEIN_CODING	XM_054328800.1	transcript variant X41	2323	XM_054328800.1:392-913	XP_054184775.1	isoform X1	173	protein tyrosine phosphatase type IVA 3
11156	PTP4A3	protein tyrosine phosphatase 4A3	Homo sapiens	human	9606	NC_000008.11:141392021-141432454;NW_025791786.1:58575-99008;NT_187574.1:58573-104910;NC_060932.1:142513520-142559812	+;+;+;+	chr 8	PROTEIN_CODING	XM_054328821.1	transcript variant X49	1937	XM_054328821.1:153-527	XP_054184796.1	isoform X4	124	protein tyrosine phosphatase type IVA 3
11156	PTP4A3	protein tyrosine phosphatase 4A3	Homo sapiens	human	9606	NC_000008.11:141392021-141432454;NW_025791786.1:58575-99008;NT_187574.1:58573-104910;NC_060932.1:142513520-142559812	+;+;+;+	chr 8	PROTEIN_CODING	XM_054359665.1	transcript variant X17	2774	XM_054359665.1:918-1364	XP_054215640.1	isoform X3	148	protein tyrosine phosphatase type IVA 3
11156	PTP4A3	protein tyrosine phosphatase 4A3	Homo sapiens	human	9606	NC_000008.11:141392021-141432454;NW_025791786.1:58575-99008;NT_187574.1:58573-104910;NC_060932.1:142513520-142559812	+;+;+;+	chr 8	PROTEIN_CODING	XM_054359657.1	transcript variant X13	2777	XM_054359657.1:918-1367	XP_054215632.1	isoform X2	149	protein tyrosine phosphatase type IVA 3
11156	PTP4A3	protein tyrosine phosphatase 4A3	Homo sapiens	human	9606	NC_000008.11:141392021-141432454;NW_025791786.1:58575-99008;NT_187574.1:58573-104910;NC_060932.1:142513520-142559812	+;+;+;+	chr 8	PROTEIN_CODING	XM_054359674.1	transcript variant X27	2702	XM_054359674.1:918-1292	XP_054215649.1	isoform X4	124	protein tyrosine phosphatase type IVA 3
11156	PTP4A3	protein tyrosine phosphatase 4A3	Homo sapiens	human	9606	NC_000008.11:141392021-141432454;NW_025791786.1:58575-99008;NT_187574.1:58573-104910;NC_060932.1:142513520-142559812	+;+;+;+	chr 8	PROTEIN_CODING	XM_054359653.1	transcript variant X9	2279	XM_054359653.1:348-869	XP_054215628.1	isoform X1	173	protein tyrosine phosphatase type IVA 3
11156	PTP4A3	protein tyrosine phosphatase 4A3	Homo sapiens	human	9606	NC_000008.11:141392021-141432454;NW_025791786.1:58575-99008;NT_187574.1:58573-104910;NC_060932.1:142513520-142559812	+;+;+;+	chr 8	PROTEIN_CODING	XM_054359644.1	transcript variant X51	3096	XM_054359644.1:1165-1686	XP_054215619.1	isoform X1	173	protein tyrosine phosphatase type IVA 3
11156	PTP4A3	protein tyrosine phosphatase 4A3	Homo sapiens	human	9606	NC_000008.11:141392021-141432454;NW_025791786.1:58575-99008;NT_187574.1:58573-104910;NC_060932.1:142513520-142559812	+;+;+;+	chr 8	PROTEIN_CODING	XM_054359668.1	transcript variant X62	2983	XM_054359668.1:1127-1573	XP_054215643.1	isoform X3	148	protein tyrosine phosphatase type IVA 3
11156	PTP4A3	protein tyrosine phosphatase 4A3	Homo sapiens	human	9606	NC_000008.11:141392021-141432454;NW_025791786.1:58575-99008;NT_187574.1:58573-104910;NC_060932.1:142513520-142559812	+;+;+;+	chr 8	PROTEIN_CODING	XM_054359659.1	transcript variant X58	2976	XM_054359659.1:1117-1566	XP_054215634.1	isoform X2	149	protein tyrosine phosphatase type IVA 3
11156	PTP4A3	protein tyrosine phosphatase 4A3	Homo sapiens	human	9606	NC_000008.11:141392021-141432454;NW_025791786.1:58575-99008;NT_187574.1:58573-104910;NC_060932.1:142513520-142559812	+;+;+;+	chr 8	PROTEIN_CODING	XM_054359672.1	transcript variant X25	3174	XM_054359672.1:1318-1764	XP_054215647.1	isoform X3	148	protein tyrosine phosphatase type IVA 3
11156	PTP4A3	protein tyrosine phosphatase 4A3	Homo sapiens	human	9606	NC_000008.11:141392021-141432454;NW_025791786.1:58575-99008;NT_187574.1:58573-104910;NC_060932.1:142513520-142559812	+;+;+;+	chr 8	PROTEIN_CODING	XM_054359648.1	transcript variant X6	3211	XM_054359648.1:1280-1801	XP_054215623.1	isoform X1	173	protein tyrosine phosphatase type IVA 3
11156	PTP4A3	protein tyrosine phosphatase 4A3	Homo sapiens	human	9606	NC_000008.11:141392021-141432454;NW_025791786.1:58575-99008;NT_187574.1:58573-104910;NC_060932.1:142513520-142559812	+;+;+;+	chr 8	PROTEIN_CODING	XM_054359654.1	transcript variant X55	2878	XM_054359654.1:947-1468	XP_054215629.1	isoform X1	173	protein tyrosine phosphatase type IVA 3
11156	PTP4A3	protein tyrosine phosphatase 4A3	Homo sapiens	human	9606	NC_000008.11:141392021-141432454;NW_025791786.1:58575-99008;NT_187574.1:58573-104910;NC_060932.1:142513520-142559812	+;+;+;+	chr 8	PROTEIN_CODING	XM_054359675.1	transcript variant X63	2714	XM_054359675.1:930-1304	XP_054215650.1	isoform X4	124	protein tyrosine phosphatase type IVA 3
11156	PTP4A3	protein tyrosine phosphatase 4A3	Homo sapiens	human	9606	NC_000008.11:141392021-141432454;NW_025791786.1:58575-99008;NT_187574.1:58573-104910;NC_060932.1:142513520-142559812	+;+;+;+	chr 8	PROTEIN_CODING	XM_054359664.1	transcript variant X61	2773	XM_054359664.1:917-1363	XP_054215639.1	isoform X3	148	protein tyrosine phosphatase type IVA 3
11156	PTP4A3	protein tyrosine phosphatase 4A3	Homo sapiens	human	9606	NC_000008.11:141392021-141432454;NW_025791786.1:58575-99008;NT_187574.1:58573-104910;NC_060932.1:142513520-142559812	+;+;+;+	chr 8	PROTEIN_CODING	XM_054359658.1	transcript variant X57	2776	XM_054359658.1:917-1366	XP_054215633.1	isoform X2	149	protein tyrosine phosphatase type IVA 3
11156	PTP4A3	protein tyrosine phosphatase 4A3	Homo sapiens	human	9606	NC_000008.11:141392021-141432454;NW_025791786.1:58575-99008;NT_187574.1:58573-104910;NC_060932.1:142513520-142559812	+;+;+;+	chr 8	PROTEIN_CODING	XM_054359649.1	transcript variant X52	3452	XM_054359649.1:1521-2042	XP_054215624.1	isoform X1	173	protein tyrosine phosphatase type IVA 3
11156	PTP4A3	protein tyrosine phosphatase 4A3	Homo sapiens	human	9606	NC_000008.11:141392021-141432454;NW_025791786.1:58575-99008;NT_187574.1:58573-104910;NC_060932.1:142513520-142559812	+;+;+;+	chr 8	PROTEIN_CODING	XM_054359645.1	transcript variant X3	3410	XM_054359645.1:1479-2000	XP_054215620.1	isoform X1	173	protein tyrosine phosphatase type IVA 3
11156	PTP4A3	protein tyrosine phosphatase 4A3	Homo sapiens	human	9606	NC_000008.11:141392021-141432454;NW_025791786.1:58575-99008;NT_187574.1:58573-104910;NC_060932.1:142513520-142559812	+;+;+;+	chr 8	PROTEIN_CODING	XM_054359650.1	transcript variant X7	3242	XM_054359650.1:1311-1832	XP_054215625.1	isoform X1	173	protein tyrosine phosphatase type IVA 3
11156	PTP4A3	protein tyrosine phosphatase 4A3	Homo sapiens	human	9606	NC_000008.11:141392021-141432454;NW_025791786.1:58575-99008;NT_187574.1:58573-104910;NC_060932.1:142513520-142559812	+;+;+;+	chr 8	PROTEIN_CODING	XM_054359647.1	transcript variant X5	3171	XM_054359647.1:1240-1761	XP_054215622.1	isoform X1	173	protein tyrosine phosphatase type IVA 3
11156	PTP4A3	protein tyrosine phosphatase 4A3	Homo sapiens	human	9606	NC_000008.11:141392021-141432454;NW_025791786.1:58575-99008;NT_187574.1:58573-104910;NC_060932.1:142513520-142559812	+;+;+;+	chr 8	PROTEIN_CODING	XM_054359670.1	transcript variant X23	3096	XM_054359670.1:1240-1686	XP_054215645.1	isoform X3	148	protein tyrosine phosphatase type IVA 3
11156	PTP4A3	protein tyrosine phosphatase 4A3	Homo sapiens	human	9606	NC_000008.11:141392021-141432454;NW_025791786.1:58575-99008;NT_187574.1:58573-104910;NC_060932.1:142513520-142559812	+;+;+;+	chr 8	PROTEIN_CODING	XM_054359643.1	transcript variant X50	4023	XM_054359643.1:2092-2613	XP_054215618.1	isoform X1	173	protein tyrosine phosphatase type IVA 3
11156	PTP4A3	protein tyrosine phosphatase 4A3	Homo sapiens	human	9606	NC_000008.11:141392021-141432454;NW_025791786.1:58575-99008;NT_187574.1:58573-104910;NC_060932.1:142513520-142559812	+;+;+;+	chr 8	PROTEIN_CODING	XM_054359666.1	transcript variant X18	3937	XM_054359666.1:2081-2527	XP_054215641.1	isoform X3	148	protein tyrosine phosphatase type IVA 3
11156	PTP4A3	protein tyrosine phosphatase 4A3	Homo sapiens	human	9606	NC_000008.11:141392021-141432454;NW_025791786.1:58575-99008;NT_187574.1:58573-104910;NC_060932.1:142513520-142559812	+;+;+;+	chr 8	PROTEIN_CODING	XM_054359669.1	transcript variant X21	3216	XM_054359669.1:1360-1806	XP_054215644.1	isoform X3	148	protein tyrosine phosphatase type IVA 3
11156	PTP4A3	protein tyrosine phosphatase 4A3	Homo sapiens	human	9606	NC_000008.11:141392021-141432454;NW_025791786.1:58575-99008;NT_187574.1:58573-104910;NC_060932.1:142513520-142559812	+;+;+;+	chr 8	PROTEIN_CODING	XM_054359661.1	transcript variant X16	3216	XM_054359661.1:1357-1806	XP_054215636.1	isoform X2	149	protein tyrosine phosphatase type IVA 3
11156	PTP4A3	protein tyrosine phosphatase 4A3	Homo sapiens	human	9606	NC_000008.11:141392021-141432454;NW_025791786.1:58575-99008;NT_187574.1:58573-104910;NC_060932.1:142513520-142559812	+;+;+;+	chr 8	PROTEIN_CODING	XM_054359671.1	transcript variant X24	2941	XM_054359671.1:1085-1531	XP_054215646.1	isoform X3	148	protein tyrosine phosphatase type IVA 3
11156	PTP4A3	protein tyrosine phosphatase 4A3	Homo sapiens	human	9606	NC_000008.11:141392021-141432454;NW_025791786.1:58575-99008;NT_187574.1:58573-104910;NC_060932.1:142513520-142559812	+;+;+;+	chr 8	PROTEIN_CODING	XM_054359660.1	transcript variant X59	3381	XM_054359660.1:1522-1971	XP_054215635.1	isoform X2	149	protein tyrosine phosphatase type IVA 3
11156	PTP4A3	protein tyrosine phosphatase 4A3	Homo sapiens	human	9606	NC_000008.11:141392021-141432454;NW_025791786.1:58575-99008;NT_187574.1:58573-104910;NC_060932.1:142513520-142559812	+;+;+;+	chr 8	PROTEIN_CODING	XM_054359663.1	transcript variant X19	2848	XM_054359663.1:992-1438	XP_054215638.1	isoform X3	148	protein tyrosine phosphatase type IVA 3
11156	PTP4A3	protein tyrosine phosphatase 4A3	Homo sapiens	human	9606	NC_000008.11:141392021-141432454;NW_025791786.1:58575-99008;NT_187574.1:58573-104910;NC_060932.1:142513520-142559812	+;+;+;+	chr 8	PROTEIN_CODING	XM_054359656.1	transcript variant X14	2851	XM_054359656.1:992-1441	XP_054215631.1	isoform X2	149	protein tyrosine phosphatase type IVA 3
11156	PTP4A3	protein tyrosine phosphatase 4A3	Homo sapiens	human	9606	NC_000008.11:141392021-141432454;NW_025791786.1:58575-99008;NT_187574.1:58573-104910;NC_060932.1:142513520-142559812	+;+;+;+	chr 8	PROTEIN_CODING	XM_054359673.1	transcript variant X26	2776	XM_054359673.1:992-1366	XP_054215648.1	isoform X4	124	protein tyrosine phosphatase type IVA 3
11156	PTP4A3	protein tyrosine phosphatase 4A3	Homo sapiens	human	9606	NC_000008.11:141392021-141432454;NW_025791786.1:58575-99008;NT_187574.1:58573-104910;NC_060932.1:142513520-142559812	+;+;+;+	chr 8	PROTEIN_CODING	XM_054359651.1	transcript variant X53	2353	XM_054359651.1:422-943	XP_054215626.1	isoform X1	173	protein tyrosine phosphatase type IVA 3
11156	PTP4A3	protein tyrosine phosphatase 4A3	Homo sapiens	human	9606	NC_000008.11:141392021-141432454;NW_025791786.1:58575-99008;NT_187574.1:58573-104910;NC_060932.1:142513520-142559812	+;+;+;+	chr 8	PROTEIN_CODING	XM_054359667.1	transcript variant X22	2854	XM_054359667.1:998-1444	XP_054215642.1	isoform X3	148	protein tyrosine phosphatase type IVA 3
11156	PTP4A3	protein tyrosine phosphatase 4A3	Homo sapiens	human	9606	NC_000008.11:141392021-141432454;NW_025791786.1:58575-99008;NT_187574.1:58573-104910;NC_060932.1:142513520-142559812	+;+;+;+	chr 8	PROTEIN_CODING	XM_054359642.1	transcript variant X4	2915	XM_054359642.1:984-1505	XP_054215617.1	isoform X1	173	protein tyrosine phosphatase type IVA 3
11156	PTP4A3	protein tyrosine phosphatase 4A3	Homo sapiens	human	9606	NC_000008.11:141392021-141432454;NW_025791786.1:58575-99008;NT_187574.1:58573-104910;NC_060932.1:142513520-142559812	+;+;+;+	chr 8	PROTEIN_CODING	XM_054359662.1	transcript variant X60	2837	XM_054359662.1:978-1427	XP_054215637.1	isoform X2	149	protein tyrosine phosphatase type IVA 3
11156	PTP4A3	protein tyrosine phosphatase 4A3	Homo sapiens	human	9606	NC_000008.11:141392021-141432454;NW_025791786.1:58575-99008;NT_187574.1:58573-104910;NC_060932.1:142513520-142559812	+;+;+;+	chr 8	PROTEIN_CODING	XM_054359646.1	transcript variant X1	5498	XM_054359646.1:3567-4088	XP_054215621.1	isoform X1	173	protein tyrosine phosphatase type IVA 3
11156	PTP4A3	protein tyrosine phosphatase 4A3	Homo sapiens	human	9606	NC_000008.11:141392021-141432454;NW_025791786.1:58575-99008;NT_187574.1:58573-104910;NC_060932.1:142513520-142559812	+;+;+;+	chr 8	PROTEIN_CODING	XM_054359641.1	transcript variant X11	2955	XM_054359641.1:1024-1545	XP_054215616.1	isoform X1	173	protein tyrosine phosphatase type IVA 3
11156	PTP4A3	protein tyrosine phosphatase 4A3	Homo sapiens	human	9606	NC_000008.11:141392021-141432454;NW_025791786.1:58575-99008;NT_187574.1:58573-104910;NC_060932.1:142513520-142559812	+;+;+;+	chr 8	PROTEIN_CODING	XM_054359652.1	transcript variant X54	2097	XM_054359652.1:166-687	XP_054215627.1	isoform X1	173	protein tyrosine phosphatase type IVA 3
11156	PTP4A3	protein tyrosine phosphatase 4A3	Homo sapiens	human	9606	NC_000008.11:141392021-141432454;NW_025791786.1:58575-99008;NT_187574.1:58573-104910;NC_060932.1:142513520-142559812	+;+;+;+	chr 8	PROTEIN_CODING	XM_054359655.1	transcript variant X56	2323	XM_054359655.1:392-913	XP_054215630.1	isoform X1	173	protein tyrosine phosphatase type IVA 3
11156	PTP4A3	protein tyrosine phosphatase 4A3	Homo sapiens	human	9606	NC_000008.11:141392021-141432454;NW_025791786.1:58575-99008;NT_187574.1:58573-104910;NC_060932.1:142513520-142559812	+;+;+;+	chr 8	PROTEIN_CODING	XM_054359676.1	transcript variant X64	1937	XM_054359676.1:153-527	XP_054215651.1	isoform X4	124	protein tyrosine phosphatase type IVA 3
